Freq [GHz],dB20(S11diff) [],ang_deg(S11diff) [deg],dB20(S21diff) [],ang_deg(S21diff) [deg],dB20(S21diff) norm2
0,-10.6045412544323,178.072869381826,-26.7887445260794,-1.4892167830948,0.9472999771018
0.1,-10.6045412544323,178.072869381826,-26.7887445260794,-1.4892167830948,0.9472999771018
0.2,-10.64368589015,176.195433413665,-26.9426918572457,-0.202545320539317,0.793352645935503
0.3,-10.7081192562483,174.36646873154,-27.1980418658754,-2.72623820796139,0.538002637305802
0.4,-10.7876805237248,172.609750492214,-27.4354894806632,-2.39348909848656,0.300555022518001
0.5,-10.8728230099824,170.895568859459,-27.5681026138233,-2.79646782766567,0.167941889357902
0.6,-10.9834715718763,169.198254724793,-27.5314476221739,-2.45131489522121,0.204596881007301
0.7,-11.1071085516716,167.534160602449,-27.6436144553725,-3.1235559294739,0.092430047808701
0.8,-11.2534599355071,165.90175936151,-27.5949121754525,-2.55920992690245,0.141132327728702
0.9,-11.4221871502491,164.314755737388,-27.5146323768354,-4.25237729633997,0.2214121263458
1,-11.6099206211506,162.810654234798,-27.8327115823868,-2.89090859736921,-0.096667079205599
1.1,-11.8160411217199,161.429075703159,-27.8587023997355,-2.66324182502938,-0.122657896554298
1.2,-12.0510360658662,160.107479641801,-27.7960291338619,-2.53814673226595,-0.059984630680699
1.3,-12.3077598769232,158.940193287089,-27.7997531481388,-2.49132421731713,-0.0637086449576
1.4,-12.5790366067313,157.976728337311,-27.9169250967506,-2.26814946422461,-0.180880593569398
1.5,-12.8697174641535,157.205398559197,-27.9474627249518,-1.78842248788814,-0.2114182217706
1.6,-13.1633898030449,156.718244708714,-27.9534817124915,-1.25135569927112,-0.217437209310297
1.7,-13.4540122601611,156.441234638808,-27.9663978319803,-0.837194745090893,-0.230353328799097
1.8,-13.7390834814394,156.357708804479,-27.9509998838881,-0.223388348901635,-0.2149553807069
1.9,-14.0147220937691,156.507023839793,-27.851484892076,0.64659155914206,-0.1154403888948
2,-14.270368678892,156.900954601051,-27.7360445031812,-0.443596700872336,0
2.1,-14.488754877676,157.41528091913,-27.7725593660721,0.363219762106604,-0.036514862890901
2.2,-14.6768036096803,157.906828192546,-27.6882644137977,0.637580602344474,0.047780089383501
2.3,-14.8505476751158,158.437037024813,-27.7146453208875,0.337678179034641,0.021399182293703
2.4,-14.9884327507962,158.933487221503,-27.6522549041911,0.604309100271485,0.083789598990101
2.5,-15.1198352190927,159.229258015797,-27.6139806968542,0.578039756922846,0.122063806327002
2.6,-15.2571588790751,159.499513609465,-27.5712618987535,0.626709299560732,0.1647826044277
2.7,-15.4071507542038,159.832416263608,-27.596382156097,0.458084999282182,0.139662347084201
2.8,-15.5475390842514,160.195858026495,-27.5916432986067,1.00689585690088,0.1444012045745
2.9,-15.6721289940391,160.497422774017,-27.4615718913551,1.09146130213849,0.274472611826102
3,-15.7997853957071,160.706962076311,-27.3964801262151,1.00937714609832,0.339564376966102
3.1,-15.9422013517738,160.843811013388,-27.329332927498,0.440777920389479,0.4067115756832
3.2,-16.1179227004823,161.018375920524,-27.3688272726342,0.333044892544826,0.367217230547002
3.3,-16.2908284552101,161.466994614864,-27.383310610167,0.590877555345599,0.3527338930142
3.4,-16.4384121411898,161.888126591607,-27.2778965386376,0.879052056305583,0.458147964543603
3.5,-16.6006268281573,162.162712626424,-27.2262730494441,0.903566245690431,0.509771453737102
3.6,-16.7898931707926,162.506918451861,-27.164813968565,0.458590406339007,0.571230534616202
3.7,-16.9922483117896,163.112613579491,-27.1792426387307,0.596106104589993,0.556801864450502
3.8,-17.1767849370026,163.75123649458,-27.1922563588905,0.697815574208981,0.543788144290701
3.9,-17.3610929790714,164.470156779362,-27.071636445502,0.383456844798539,0.6644080576792
4,-17.5666621137587,165.213986194476,-27.0624784449067,-0.287601014927516,0.673566058274503
4.1,-17.7764929016383,166.157686240607,-27.09472985806,-0.627589114631215,0.641314645121202
4.2,-17.9804480785859,167.384871847752,-27.059534291343,-0.746016386040866,0.676510211838203
4.3,-18.1618477141153,168.667206724904,-27.0251808482566,-0.673475145436284,0.710863654924601
4.4,-18.341611664346,170.075160985688,-26.9213706538221,-0.738982045249856,0.814673849359103
4.5,-18.5105503450232,171.745427290695,-26.9088929345255,-1.39968166566141,0.827151568655701
4.6,-18.6363100163491,173.558079111345,-26.9545924559973,-1.79377025821156,0.781452047183901
4.7,-18.7416843533966,175.303852460797,-26.9362257506133,-1.81374230033828,0.799818752567902
4.8,-18.8630324012774,177.212388996235,-26.89126997087,-2.16947711427022,0.844774532311202
4.9,-18.9274332936222,179.435095788151,-26.849348355627,-2.6716814770278,0.886696147554201
5,-18.9400928024853,-178.451486794696,-26.8345069488942,-3.13117088939677,0.901537554287
5.1,-18.9381377908311,-176.503276796056,-26.8543517728388,-3.04171678188168,0.881692730342401
5.2,-18.9402932382213,-174.383289625021,-26.9099011747665,-2.90296859641362,0.826143328414702
5.3,-18.8882701001343,-172.077834901794,-26.8628898056228,-2.85003494540913,0.873154697558402
5.4,-18.769890649633,-169.917476783922,-26.8310451865613,-3.43532203759557,0.9049993166199
5.5,-18.6316273754363,-168.147942627847,-26.8966799087664,-4.23966437522986,0.8393645944148
5.6,-18.5118323124858,-166.356750533382,-26.8730499897978,-4.7654461592968,0.862994513383402
5.7,-18.3562047843348,-164.41049283104,-26.9022679663198,-4.5200872609554,0.8337765368614
5.8,-18.1400314448475,-162.641972020444,-26.8502267919365,-4.34446892364979,0.885817711244702
5.9,-17.9102780459572,-161.327707067826,-26.8073582367672,-4.83716126147942,0.928686266414001
6,-17.7139473308438,-160.14646282222,-26.8280062460413,-5.34634057593229,0.9080382571399
6.1,-17.5096199335301,-158.714539521893,-26.835456397395,-5.50832790585726,0.900588105786202
6.2,-17.2269951610504,-157.405785089259,-26.8339789560494,-5.52520249491755,0.902065547131802
6.3,-16.939077868241,-156.616810121419,-26.8721854865192,-5.74929192318661,0.863859016662001
6.4,-16.6744631484883,-156.099517637606,-26.824362892344,-5.99368240514384,0.911681610837203
6.5,-16.4387437216479,-155.561584088734,-26.8392609925943,-6.43361895523886,0.8967835105869
6.6,-16.1849671039924,-155.046305346402,-26.8528830828042,-6.74238085476417,0.883161420377
6.7,-15.9156796738157,-154.803036257213,-26.8117734582164,-7.02856871317212,0.924271044964801
6.8,-15.6770496296483,-154.787944079775,-26.7945651176101,-7.11780149564696,0.9414793855711
6.9,-15.4661538078098,-154.732794300834,-26.8156670490518,-7.39961856965151,0.920377454129401
7,-15.2421837302691,-154.635924911972,-26.8622562971645,-7.77765029079614,0.873788206016702
7.1,-15.0047415081799,-154.71272379416,-26.9008766222713,-8.03873373436514,0.8351678809099
7.2,-14.7887994576269,-154.990633182723,-26.9232491669798,-8.35194689088979,0.8127953362014
7.3,-14.5902479114267,-155.241292555017,-26.9494357876369,-8.93667019563271,0.7866087155443
7.4,-14.3848309966138,-155.514336827813,-26.9262724512682,-9.56557801965478,0.809772051913001
7.5,-14.178598106314,-155.966422145034,-26.9521738760289,-9.5310689682376,0.7838706271523
7.6,-13.9954057358908,-156.539678503907,-26.9770483667343,-9.41984451921809,0.7589961364469
7.7,-13.8289803610409,-157.082278632407,-27.008251906311,-10.1022116778605,0.727792596870202
7.8,-13.6649580146382,-157.659647528523,-27.0465440301101,-10.6359219424352,0.689500473071103
7.9,-13.5026116008843,-158.309246151748,-27.0317926911896,-10.5511742810088,0.7042518119916
8,-13.3579425344596,-159.030689640582,-27.0160890582999,-10.3308756914896,0.7199554448813
8.1,-13.2288475519902,-159.75148241105,-27.0903696225637,-10.4243219397332,0.645674880617502
8.2,-13.0955981802029,-160.408413076682,-27.1245737291069,-10.8227996802745,0.611470774074302
8.3,-12.9665374757436,-161.175539686254,-27.116005444544,-11.0343243452372,0.6200390586372
8.4,-12.8526027562984,-162.050387930802,-27.0945102627798,-11.3334207578197,0.641534240401402
8.5,-12.7620133266233,-162.856383745499,-27.0794063761148,-11.818803981961,0.656638127066401
8.6,-12.6656793365641,-163.580964758419,-27.0826266446117,-12.1962319927371,0.653417858569501
8.7,-12.5606114949088,-164.392671630403,-27.1188067510684,-12.6705866413598,0.6172377521128
8.8,-12.4762816192108,-165.308493522741,-27.2383586405225,-12.9199680587601,0.497685862658702
8.9,-12.414859338932,-166.197821849964,-27.2506605064787,-13.0857197387206,0.485383996702502
9,-12.3513718189115,-166.970204870883,-27.2812456909209,-13.2140511235587,0.4547988122603
9.1,-12.2838434135754,-167.755010073464,-27.3593402951197,-13.3917005524042,0.376704208061501
9.2,-12.2139279706621,-168.637095990597,-27.4160468344133,-13.6530624769612,0.3199976687679
9.3,-12.1699480931029,-169.572958496062,-27.446736492204,-13.9110110166174,0.289308010977201
9.4,-12.138143931342,-170.387128334194,-27.4190167249867,-13.9781006692863,0.3170277781945
9.5,-12.093563190061,-171.120911541625,-27.4768527661898,-13.9588618195549,0.259191736991401
9.6,-12.0446368054377,-171.986112104873,-27.5326114997442,-13.95996920705,0.203433003437002
9.7,-12.0118858006659,-172.926491857313,-27.5533839819085,-13.9102377067276,0.182660521272702
9.8,-11.9974887683321,-173.769217910022,-27.5404967778903,-13.8244915786564,0.195547725290901
9.9,-11.9798813780432,-174.599045555107,-27.5660397862399,-13.8324659776479,0.1700047169413
10,-11.9563421227401,-175.409420781241,-27.5765194905594,-13.833765860929,0.159525012621803
10.1,-11.9445559968899,-176.284815261282,-27.6243269187153,-13.8289846398064,0.1117175844659
10.2,-11.9359505092555,-177.158606992338,-27.6636501356911,-13.8814900224061,0.072394367490102
10.3,-11.9376020741664,-178.009955783877,-27.6921343587874,-13.9718236572941,0.043910144393802
10.4,-11.9442790514903,-178.834836198291,-27.7469148077851,-14.0116743140067,-0.010870304603898
10.5,-11.9444859044855,-179.677637089522,-27.7946748229506,-13.9488676964022,-0.058630319769399
10.6,-11.9560260871022,179.438071311535,-27.8060649831673,-13.7711703862967,-0.070020479986098
10.7,-11.9800937549462,178.58530055409,-27.7950169614482,-13.5589588642348,-0.058972458267
10.8,-12.0011997478757,177.752238225101,-27.7906840713536,-13.6771708525972,-0.054639568172398
10.9,-12.0237088406637,176.898259828098,-27.8056035694624,-14.1906817762614,-0.069559066281197
11,-12.0540649492277,176.036392188819,-27.7952210794703,-14.5866303086851,-0.059176576289097
11.1,-12.0863781713196,175.180996755987,-27.8118979263454,-14.3895588126038,-0.075853423164197
11.2,-12.1310661857625,174.330014895764,-27.812871989367,-14.4631252592494,-0.076827486185799
11.3,-12.1798646920329,173.528605358798,-27.8381582072105,-14.6385273347852,-0.1021137040293
11.4,-12.2293270585222,172.713116791106,-27.8592985281038,-14.6027470257341,-0.123254024922598
11.5,-12.2891199128062,171.95215875398,-27.9206791175573,-14.4552387719894,-0.184634614376098
11.6,-12.3444115703967,171.223821869283,-27.9246121044962,-14.6918938103558,-0.188567601315
11.7,-12.3986185457346,170.490053572064,-27.935010884382,-14.8737524772482,-0.198966381200798
11.8,-12.4562148855185,169.719595491698,-27.9868733689225,-15.0190572381751,-0.250828865741298
11.9,-12.5286054596646,168.97494870353,-27.9986206064462,-14.9492560346822,-0.262576103264998
12,-12.6030509604832,168.296615326517,-28.008625042929,-15.0809383138472,-0.2725805397478
12.1,-12.6688781671484,167.600070114584,-28.0273831861553,-14.8334073336997,-0.2913386829741
12.2,-12.7417647098838,166.839368720451,-28.1345181380969,-14.3949598112328,-0.3984736349157
12.3,-12.839623886144,166.131893023339,-28.1598789545776,-14.5905378389608,-0.423834451396399
12.4,-12.939750125721,165.504055197783,-28.0994254274585,-14.9242195060079,-0.363380924277298
12.5,-13.0196536272993,164.910880255959,-28.0887563165842,-14.4914179903942,-0.352711813402998
12.6,-13.1057169005655,164.266299369209,-28.1580310875185,-14.5746472282687,-0.421986584337297
12.7,-13.2104700400475,163.538019764921,-28.1398246741786,-14.8477666477161,-0.403780170997397
12.8,-13.3326573739403,162.925172687562,-28.1818246375475,-14.5586201608406,-0.445780134366299
12.9,-13.4418292068807,162.404427499004,-28.2332504297313,-14.433839957361,-0.497205926550098
13,-13.5361648178323,161.826848160665,-28.2515189752828,-14.9405978197509,-0.515474472101598
13.1,-13.6443996695029,161.139057083294,-28.1663664418095,-14.7730311812134,-0.4303219386283
13.2,-13.7870156207993,160.455575773838,-28.1766565596606,-13.9954987199312,-0.440612056479399
13.3,-13.927478199091,160.012707265834,-28.2257622518336,-14.4593502833932,-0.489717748652399
13.4,-14.0529578392472,159.582638070568,-28.1445386599231,-14.5941154929804,-0.408494156741899
13.5,-14.1765233767547,158.985663966254,-28.1251507683116,-14.6129578479109,-0.389106265130398
13.6,-14.323836368899,158.378864865874,-28.1014721278381,-14.8461988742209,-0.365427624656899
13.7,-14.4967663763958,157.896309635871,-28.1184507931306,-15.0266259937972,-0.382406289949397
13.8,-14.6546838700595,157.552859759145,-28.0841370576396,-15.1744053939702,-0.3480925544584
13.9,-14.8049227991674,157.170165954936,-28.0609698433612,-14.8813994890968,-0.324925340179998
14,-14.9583872274625,156.662804369414,-28.1035011737561,-14.7215941176123,-0.367456670574899
14.1,-15.1469719093415,156.193899541452,-28.104263364744,-15.2435154039384,-0.368218861562799
14.2,-15.3485425686737,155.938526063647,-28.0905400572238,-15.0118845859754,-0.3544955540426
14.3,-15.536029421789,155.742020296666,-28.1533123283329,-14.8611654861796,-0.417267825151697
14.4,-15.7184026478266,155.473416310993,-28.1530167903798,-15.0168053300805,-0.4169722871986
14.5,-15.9424212745939,155.230806324375,-28.1389074754071,-15.1882440115801,-0.402862972225897
14.6,-16.1743895116221,155.166412776613,-28.1494019861047,-15.1538798895327,-0.413357482923498
14.7,-16.389210186961,155.269513324545,-28.1611401206107,-15.1390017452189,-0.425095617429498
14.8,-16.6080537482381,155.335650561931,-28.1330011640791,-15.3177889073489,-0.396956660897899
14.9,-16.8364975927021,155.411839111358,-28.1269954035578,-15.4735579703247,-0.390950900376598
15,-17.0658192645141,155.600701656381,-28.1668167431011,-15.3957128811601,-0.4307722399199
15.1,-17.3234109445536,155.972625452477,-28.1628742192523,-15.2674822282555,-0.426829716071097
15.2,-17.5808281292728,156.440082512862,-28.1482165870793,-15.2039389020524,-0.412172083898099
15.3,-17.8268587692513,157.107458617602,-28.1509990106148,-15.1820096334699,-0.414954507433599
15.4,-18.0878636882754,157.983370530556,-28.1422301109662,-15.1882076083392,-0.406185607784998
15.5,-18.3133629844898,159.101245305929,-28.1778920397969,-15.2141650084203,-0.4418475366157
15.6,-18.5123890516183,160.121077772013,-28.1906154046791,-15.3049568721901,-0.454570901497899
15.7,-18.7247313358439,161.204581629017,-28.1664718810951,-15.4731155804429,-0.430427377913897
15.8,-18.94384968117,162.486053516419,-28.1416014208225,-15.4314987440899,-0.405556917641299
15.9,-19.1015667615223,164.059040877628,-28.1762307869305,-15.4463514982812,-0.440186283749299
16,-19.2418203117628,165.417826387592,-28.1820206211033,-15.8429923857164,-0.4459761179221
16.1,-19.4192026390861,166.798117404067,-28.1729357935428,-16.1023219616807,-0.436891290361597
16.2,-19.6091254791877,168.679097414469,-28.1868008975564,-16.118675381849,-0.450756394375198
16.3,-19.7131108528328,170.982632934925,-28.2139413410954,-15.9122958362126,-0.477896837914198
16.4,-19.7393151613307,172.898711897088,-28.180179725889,-15.9885184825493,-0.4441352227078
16.5,-19.8012357995086,174.46215754554,-28.1300299425751,-16.1748743702649,-0.393985439393898
16.6,-19.8927670376487,176.371079606083,-28.1440783611424,-16.224058222541,-0.4080338579612
16.7,-19.9200829407951,178.818565080436,-28.1471667607222,-16.3209107397863,-0.411122257540999
16.8,-19.8186583151808,-179.086397252212,-28.1432016083589,-16.6344028672027,-0.407157105177699
16.9,-19.7223228344751,-177.636685087418,-28.1167038399154,-16.7492725869849,-0.380659336734197
17,-19.7401307966253,-176.038170186368,-28.1646888925692,-16.741752001622,-0.428644389387998
17.1,-19.6851312314837,-173.847920719863,-28.2063244381645,-17.1690031472626,-0.470279934983299
17.2,-19.4984566981497,-171.920909546827,-28.1883949670589,-17.5543837025798,-0.4523504638777
17.3,-19.3171162207234,-170.973248636718,-28.2047931911666,-17.0221797488336,-0.4687486879854
17.4,-19.2313666952561,-170.012906144787,-28.2739956714495,-17.5744252131917,-0.5379511682683
17.5,-19.1200039629042,-168.376700501119,-28.1859273868392,-18.2604451380426,-0.449882883657999
17.6,-18.9137816966422,-167.044812320832,-28.1564392205273,-17.7590829726404,-0.420394717346099
17.7,-18.6829980017166,-166.261594504275,-28.1941615438098,-17.6422319208056,-0.458117040628597
17.8,-18.5415182566761,-165.885599373951,-28.243521858422,-18.0100133141041,-0.507477355240798
17.9,-18.4209128354285,-165.066341718536,-28.2431059336887,-18.5079851688023,-0.507061430507498
18,-18.2055879032456,-164.225742419181,-28.1673291812677,-18.0589411285077,-0.431284678086499
18.1,-17.9650281707188,-163.805888624369,-28.2740481228164,-17.8403061420284,-0.538003619635198
18.2,-17.7896329355212,-163.867014086945,-28.2506973681978,-18.8732630851722,-0.5146528650166
18.3,-17.6548650897097,-163.566485497484,-28.1036612313834,-18.7873972660969,-0.367616728202197
18.4,-17.4616440614902,-163.124199032221,-28.2077660520906,-17.7909648559029,-0.4717215489094
18.5,-17.2492379922961,-163.259366008304,-28.2908501851978,-18.873263749135,-0.5548056820166
18.6,-17.0907274773774,-163.53408896655,-28.2057248968888,-19.2263625812283,-0.469680393707598
18.7,-16.9632241466692,-163.4937573198,-28.1782356373343,-18.9223959668172,-0.442191134153099
18.8,-16.7874886909494,-163.483589875159,-28.2306546905808,-18.0557020374026,-0.494610187399598
18.9,-16.5862062154087,-163.845475624301,-28.3556915405253,-19.4971520967773,-0.619647037344098
19,-16.4652754129419,-164.314934576824,-28.1077437598848,-19.6450728528642,-0.3716992567036
19.1,-16.3468644266204,-164.529429518112,-28.1487440357118,-18.6049833265187,-0.412699532530599
19.2,-16.1868412917155,-164.568611839194,-28.1882821086292,-18.9700339491868,-0.452237605447998
19.3,-16.0089158336236,-165.082305796419,-28.1955536563348,-20.080200652991,-0.459509153153597
19.4,-15.894978638587,-165.898581788783,-28.1432264349716,-19.7326034087244,-0.407181931790397
19.5,-15.8280033830638,-166.233308938392,-28.2678649733779,-19.3390077194519,-0.531820470196699
19.6,-15.7029062755588,-166.351215257636,-28.2255882291631,-19.6813030493406,-0.4895437259819
19.7,-15.5206281276133,-166.922197947857,-28.1967936355533,-20.5218829304355,-0.460749132372097
19.8,-15.411471574744,-167.918871941067,-28.0656708316594,-20.551776391793,-0.329626328478199
19.9,-15.3732393050757,-168.592925553799,-28.1938992855751,-20.1943375077328,-0.457854782393898
20,-15.2921397926933,-168.834306272361,-28.2747104735659,-21.58222317762,-0.538665970384699
20.1,-15.1455857732689,-169.429264694334,-28.2246222633044,-21.9367347683205,-0.488577760123199
20.2,-15.0430646761364,-170.525415220891,-28.2499311286981,-21.6453156236848,-0.5138866255169
20.3,-15.0286431514338,-171.447230030644,-28.3594498316228,-21.7334836467393,-0.623405328441599
20.4,-14.9996514003883,-171.926117683235,-28.3369844430748,-22.5863750899261,-0.6009399398936
20.5,-14.9069888886735,-172.454833732303,-28.2286871237355,-22.4027438990713,-0.4926426205543
20.6,-14.8262964802255,-173.464752062832,-28.3061999022378,-21.7338539522783,-0.570155399056599
20.7,-14.8112412093734,-174.634482402916,-28.4142670403305,-22.0547220180112,-0.678222537149299
20.8,-14.8376637771767,-175.350782493462,-28.3935931503181,-22.7707926724116,-0.657548647136899
20.9,-14.8052014771126,-175.777901995221,-28.3338717768044,-22.4442741362548,-0.597827273623199
21,-14.7408905736143,-176.742806471747,-28.4378020536072,-22.5005374913551,-0.701757550425999
21.1,-14.7507853392869,-177.889956508429,-28.4194580901545,-23.1179453309857,-0.683413586973298
21.2,-14.7959664073659,-178.674370567087,-28.370761992432,-23.2820840023669,-0.6347174892508
21.3,-14.7847434168187,-179.248837392358,-28.3204903964397,-22.8026106963469,-0.584445893258497
21.4,-14.7756259958215,179.784625906833,-28.5071639323899,-22.0776810797469,-0.771119429208699
21.5,-14.8047989283467,178.737776901544,-28.4766884860502,-23.6340794988298,-0.740643982868999
21.6,-14.8643340234333,177.878976356352,-28.397853982541,-23.7814054289443,-0.6618094793598
21.7,-14.884162962452,177.095009295381,-28.4821275990624,-23.4228013629024,-0.7460830958812
21.8,-14.9233722489068,176.260207350146,-28.6072044447435,-23.8888513484854,-0.871159941562297
21.9,-14.9442157074395,175.195665718026,-28.5834620470229,-25.1847996549365,-0.847417543841697
22,-15.0178889349734,174.281445799087,-28.4083119227548,-24.6129232261544,-0.672267419573601
22.1,-15.0619530993681,173.709217677144,-28.5759226543924,-23.577643645286,-0.839878151211199
22.2,-15.0818249716112,172.875054553319,-28.7016631950703,-25.4257113531408,-0.965618691889098
22.3,-15.1480157700095,171.690880954534,-28.5705707871754,-25.9185012583864,-0.834526283994197
22.4,-15.260799692082,170.866363260552,-28.5873984895186,-24.6921926824698,-0.851353986337397
22.5,-15.3106088148869,170.377029540989,-28.7620324561779,-24.7949381783607,-1.0259879529967
22.6,-15.3176783262945,169.547246129192,-28.7263815588059,-25.9553921517363,-0.9903370556247
22.7,-15.391904950526,168.305293051329,-28.6887292059529,-25.6058329031529,-0.952684702771698
22.8,-15.5155811381584,167.422132262931,-28.7779192568223,-25.4108914692669,-1.0418747536411
22.9,-15.6064472986541,166.928168169314,-28.8516823773891,-25.4005058354461,-1.1156378742079
23,-15.6451980835393,166.253476630752,-28.937467319526,-26.7521430499831,-1.2014228163448
23.1,-15.6947927813358,165.136746326257,-28.7262006153262,-25.9283957580174,-0.990156112144998
23.2,-15.8388187685156,163.974104401233,-28.9524826324885,-24.9376383281715,-1.2164381293073
23.3,-15.9841510961961,163.360143386097,-29.0419745935281,-26.6397969017801,-1.3059300903469
23.4,-16.0482653216447,163.004373034217,-28.9616432023399,-26.4126783177566,-1.2255986991587
23.5,-16.1083685060333,161.962027843451,-28.9225301244692,-25.5751688187699,-1.186485621288
23.6,-16.2510505735215,160.697216777954,-29.0260949919366,-25.2908910312576,-1.2900504887554
23.7,-16.4401917499789,160.015039206473,-29.1200042030715,-26.9714939537086,-1.3839596998903
23.8,-16.567174797903,159.617269039827,-28.9327262125854,-26.1993565095092,-1.1966817094042
23.9,-16.6521833263587,158.835165876682,-29.0506114739336,-25.005288428089,-1.3145669707524
24,-16.8021922285606,157.666705904865,-29.1732706599486,-26.2250948054049,-1.4372261567674
24.1,-17.0086689222746,156.735312411543,-29.123691854272,-26.646117871975,-1.3876473510908
24.2,-17.214774369002,156.369043963338,-29.1579812741389,-25.4269830368493,-1.4219367709577
24.3,-17.3461754085934,155.656271648409,-29.2116939288934,-25.8083415248929,-1.4756494257122
24.4,-17.5137318201021,154.664598981109,-29.1184554082984,-26.0514030578057,-1.3824109051172
24.5,-17.7591851928443,153.599839201868,-29.1786382724854,-26.2307718226585,-1.4425937693042
24.6,-18.0180576651586,153.14983365842,-29.0610417127596,-25.6432449660968,-1.3249972095784
24.7,-18.2199727248123,152.69716645977,-29.2411131564182,-25.6813462393265,-1.505068653237
24.8,-18.4416742711554,151.753506051373,-29.2718408085037,-27.0498451988725,-1.5357963053225
24.9,-18.7334569878073,150.806777146617,-29.1738334959796,-26.5766968616715,-1.4377889927984
25,-19.0343920344575,150.345121526034,-29.1674389817228,-26.3411643545139,-1.4313944785416
25.1,-19.286517731548,149.96633376014,-29.2337550929343,-27.0521502172367,-1.4977105897531
25.2,-19.5404424883015,149.119369583985,-29.243950501954,-27.2641342272579,-1.5079059987728
25.3,-19.9035651898553,148.483802740354,-29.2417559223384,-26.6942084949878,-1.5057114191572
25.4,-20.2568384374548,148.382895516004,-29.2856050631145,-26.8991723859548,-1.5495605599333
25.5,-20.5294673070314,148.180698804579,-29.3378145635087,-27.2287096494078,-1.6017700603275
25.6,-20.8032603229548,147.657077269718,-29.3038284316923,-27.597137930938,-1.5677839285111
25.7,-21.2135757112788,146.890035482962,-29.2806400265189,-26.5364074750339,-1.5445955233377
25.8,-21.627123633773,146.966614454334,-29.4675399005788,-26.6912131352101,-1.7314953973976
25.9,-21.9705494562432,147.74040904589,-29.3436720862481,-27.3847772755268,-1.6076275830669
26,-22.2997172923441,147.490678506493,-29.3710824424773,-27.0586262452897,-1.6350379392961
26.1,-22.6855188693732,146.669031455651,-29.223754730795,-27.5689773581867,-1.4877102276138
26.2,-23.2533541946689,147.281516604594,-29.2585814372509,-26.9142357987789,-1.5225369340697
26.3,-23.7213255178842,149.009056025445,-29.3537926737195,-28.1577309519873,-1.6177481705383
26.4,-23.9751222641371,150.034301677508,-29.1462504093903,-28.1447070637725,-1.4102059062091
26.5,-24.4416858726662,149.715203107661,-29.2471764286099,-28.0765741457945,-1.5111319254287
26.6,-25.1040613275457,150.902840228187,-29.3936485985859,-28.2073464712971,-1.6576040954047
26.7,-25.6629064705596,154.277041791848,-29.3642139083648,-28.1889842322176,-1.6281694051836
26.8,-25.9325745526187,157.057863935921,-29.3292743514705,-27.7198223003861,-1.5932298482893
26.9,-26.4174835575664,157.942974838109,-29.479257828451,-27.8393152100472,-1.7432133252698
27,-27.0435219554077,160.810036255434,-29.5690421034943,-28.0075531971756,-1.8329976003131
27.1,-27.5404899317458,165.467796117812,-29.5772434628371,-28.8460669609335,-1.8411989596559
27.2,-27.7383185060853,170.275587874744,-29.4395641729329,-28.8489400556699,-1.7035196697517
27.3,-27.9357718492172,173.791990511887,-29.612059699118,-28.572369411868,-1.8760151959368
27.4,-28.3659384260899,177.310809503495,-29.5859396055072,-28.9774526159969,-1.849895102326
27.5,-28.4861692518625,-176.147637277541,-29.5128280218467,-28.4802939265103,-1.7767835186655
27.6,-28.384630618559,-169.850716408917,-29.6481617456495,-29.2999224083518,-1.9121172424683
27.7,-28.19144810133,-165.772880268298,-29.7073879680989,-28.9361509524444,-1.9713434649177
27.8,-28.1692133010563,-161.536205657564,-29.802320796099,-29.1451182626758,-2.0662762929178
27.9,-27.9615846489937,-155.276624310962,-29.599551479866,-29.2609878028538,-1.8635069766848
28,-27.5251268631465,-151.700466124361,-29.6972326966852,-28.0870387515012,-1.961188193504
28.1,-27.0663154589789,-149.032915181235,-29.8953884709759,-29.6368552960066,-2.1593439677947
28.2,-26.7647879044812,-145.719267087859,-29.7345983583301,-29.1240306649859,-1.9985538551489
28.3,-26.3753244936408,-142.695565626233,-29.9224637792051,-28.3948873059571,-2.1864192760239
28.4,-25.7842869633715,-140.466207002771,-29.9664893816671,-29.7235173159259,-2.2304448784859
28.5,-25.3790210345037,-138.694033265314,-29.9206344813409,-28.9666998888602,-2.1845899781597
28.6,-25.0855109992417,-137.485603450632,-29.9687155184551,-29.1982250079583,-2.2326710152739
28.7,-24.6433865700854,-135.581559602338,-29.9932225491887,-29.0523421127357,-2.2571780460075
28.8,-24.2196056169801,-134.723538877538,-29.9685413954706,-28.806606312678,-2.2324968922894
28.9,-23.8725331739997,-134.640711576574,-29.9960956661662,-29.5040516520558,-2.260051162985
29,-23.6049892666232,-134.195231986999,-29.8811422116282,-28.9428544895432,-2.145097708447
29.1,-23.2751055739435,-133.59413219141,-30.0551031795283,-29.0321483783815,-2.3190586763471
29.2,-22.8593976775405,-133.394243586438,-29.9398482625624,-29.1415994878526,-2.2038037593812
29.3,-22.6068054907828,-133.864005973227,-30.0277021619126,-27.8984772542043,-2.2916576587314
29.4,-22.3433824241504,-134.347068115779,-30.1557303010673,-28.449975568007,-2.4196857978861
29.5,-22.1447911303391,-134.096963064757,-30.1463172478584,-29.5842478144448,-2.4102727446772
29.6,-21.8806736964456,-134.308665881127,-30.1031487674691,-30.0068235517075,-2.3671042642879
29.7,-21.5931524932674,-134.887298239333,-30.0965365900305,-29.1276101737374,-2.3604920868493
29.8,-21.4188325678983,-135.773477053978,-30.1457655888979,-28.8604904659397,-2.4097210857167
29.9,-21.2675480031056,-136.291598319394,-30.2047622533282,-29.367055499359,-2.468717750147
30,-21.0901900863961,-136.582558330623,-30.0607153108994,-29.0499319491701,-2.3246708077182
30.1,-20.8303782902869,-137.177941968545,-30.1873564694204,-28.1902779423581,-2.4513119662392
30.2,-20.6545903687437,-138.052636826282,-30.2647774937442,-29.092497888595,-2.528732990563
30.3,-20.5770564997787,-138.915806349851,-30.1957948535961,-29.2090780699082,-2.4597503504149
30.4,-20.4175161400901,-139.325299515223,-30.2243337453834,-29.3992764361527,-2.4882892422022
30.5,-20.2535878045149,-139.817132598444,-30.161218153673,-29.1837009486002,-2.4251736504918
30.6,-20.0454110323411,-140.852604711278,-30.2126988897875,-29.341081425857,-2.4766543866063
30.7,-19.9307463070227,-141.767808002253,-30.1897685131791,-29.3617562776779,-2.4537240099979
30.8,-19.8582190540668,-142.751256189887,-30.3027333028704,-28.9092509742651,-2.5666887996892
30.9,-19.7424892967939,-143.499616923156,-30.2969100454505,-29.1872104960827,-2.5608655422693
31,-19.5824795599006,-144.342537994381,-30.32031845877,-29.4121948641496,-2.5842739555888
31.1,-19.5062978062913,-145.632616491046,-30.3357137147805,-29.6520133206233,-2.5996692115993
31.2,-19.4603729817007,-146.587103281253,-30.2983748197842,-29.1175040785092,-2.562330316603
31.3,-19.3676398426,-147.267755812817,-30.3163946888584,-29.1188485896995,-2.5803501856772
31.4,-19.3265271549259,-148.08960206902,-30.1985544119775,-29.3778101924733,-2.4625099087963
31.5,-19.2539579773528,-149.390487696531,-30.218831582747,-29.2878493383254,-2.4827870795658
31.6,-19.2112382088524,-150.496664197265,-30.2409828508159,-29.2575652538043,-2.5049383476347
31.7,-19.2174788610238,-151.121335904244,-30.2393985373193,-29.7024288952873,-2.5033540341381
31.8,-19.1932867808213,-152.181545328868,-30.1660247500299,-29.7697055550735,-2.4299802468487
31.9,-19.1297260839649,-153.147294883354,-30.2095220616081,-29.8555347443317,-2.4734775584269
32,-19.1893995032784,-154.332688359483,-30.1840322702277,-29.9311382245877,-2.4479877670465
32.1,-19.2084275448596,-155.370552994662,-30.2408924930837,-30.2676767210652,-2.5048479899025
32.2,-19.1951207889967,-156.063177274216,-30.2553604881413,-30.3687228844924,-2.5193159849601
32.3,-19.2087578281928,-157.581504014327,-30.2687340740557,-30.7384020505861,-2.5326895708745
32.4,-19.2913474212317,-158.947694708784,-30.342228832611,-30.6976922954805,-2.6061843294298
32.5,-19.4005925609889,-159.396317903903,-30.3213084360478,-30.6698177021436,-2.5852639328666
32.6,-19.4581749400507,-160.589281929366,-30.3099201599281,-30.5578183095233,-2.5738756567469
32.7,-19.4559172837673,-161.75717058187,-30.3779047488032,-31.620100753881,-2.641860245622
32.8,-19.618135645472,-162.727855960794,-30.3707924394961,-31.0148847791391,-2.6347479363149
32.9,-19.7461539664116,-163.987798324267,-30.4951710263578,-30.8396588041215,-2.7591265231766
33,-19.8371228124372,-164.421354225685,-30.3918863147229,-31.7501506906576,-2.6558418115417
33.1,-19.9459272028978,-165.484698835525,-30.4967210043611,-31.3679664840343,-2.7606765011799
33.2,-20.0478646899456,-166.928615885186,-30.6137306894484,-31.6011031889322,-2.8776861862672
33.3,-20.2011992484694,-168.026233883101,-30.5016890615091,-31.2564055653734,-2.7656445583279
33.4,-20.428960597493,-168.48871768879,-30.5241191916733,-31.3751033494163,-2.7880746884921
33.5,-20.5372002782027,-169.234682381171,-30.5913847436475,-31.3371936372702,-2.8553402404663
33.6,-20.6211564078412,-170.176546578159,-30.5118473490536,-30.8519695252975,-2.7758028458724
33.7,-20.8778388097843,-171.226653148695,-30.6222683471756,-31.9459836049467,-2.8862238439944
33.8,-21.1421282836176,-171.997083602861,-30.5020656898217,-33.3019746767518,-2.7660211866405
33.9,-21.2614204352422,-172.227790220937,-30.6435250276622,-32.2040032115958,-2.907480524481
34,-21.4494063976221,-173.097865529035,-30.6686519633648,-32.923248766076,-2.9326074601836
34.1,-21.6414771999336,-174.355818420931,-30.6654634341435,-33.156133869182,-2.9294189309623
34.2,-21.8872079302718,-174.829808677996,-30.6541341667983,-33.7625800264094,-2.9180896636171
34.3,-22.2061011873968,-174.976851772162,-30.7355025047926,-32.8951224504565,-2.9994580016114
34.4,-22.4086609427016,-175.723006672112,-30.9319110931561,-33.4943412669683,-3.1958665899749
34.5,-22.6665449470629,-176.335458158624,-30.8221764124616,-33.5775566301755,-3.0861319092804
34.6,-22.988109154465,-176.683036012528,-30.7949574779235,-33.1526750247926,-3.0589129747423
34.7,-23.280474704315,-176.972648364487,-30.9484588383092,-33.4099296185089,-3.212414335128
34.8,-23.5874767723296,-177.2342950313,-30.9629913424639,-34.1939443321969,-3.2269468392827
34.9,-23.9333787428716,-177.823332619859,-30.9238025553956,-33.7802391427722,-3.1877580522144
35,-24.3960327187074,-177.935247423428,-30.972015852946,-34.2620107477888,-3.2359713497648
35.1,-24.5854359893171,-177.723849165047,-30.9753882438934,-34.2582216553507,-3.2393437407122
35.2,-24.9882977472267,-177.616192957492,-31.2196540471583,-34.5526426048514,-3.4836095439771
35.3,-25.5704490559359,-178.190819760317,-31.1552812878862,-34.336208975742,-3.419236784705
35.4,-26.0220171422642,-177.734723755625,-31.2347560068883,-33.5960149555558,-3.4987115037071
35.5,-26.3927386159288,-176.242614288361,-31.255181338294,-33.9909148463402,-3.5191368351128
35.6,-26.8569094804482,-175.647687540721,-31.2807176260235,-33.3912278768445,-3.5446731228423
35.7,-27.4762183524664,-176.19068745175,-31.2900052151377,-33.3796556773053,-3.5539607119565
35.8,-28.1499322331251,-175.105878151781,-31.359619713836,-33.8379628292118,-3.6235752106548
35.9,-28.8082408510686,-172.076199005826,-31.4308800630612,-33.8789493718239,-3.69483555988
36,-29.2212747801464,-169.501289822049,-31.3691282286088,-33.8778530818595,-3.6330837254276
36.1,-29.7556954088578,-169.006933327775,-31.3759989361371,-33.1903978697048,-3.6399544329559
36.2,-30.705324405889,-165.883842613261,-31.4239984119973,-33.240134882523,-3.6879539088161
36.3,-31.7377594921776,-161.752253120359,-31.3426953484921,-33.8656408016425,-3.6066508453109
36.4,-31.5739439216054,-155.730232606436,-31.3217935915342,-33.6869228297262,-3.585749088353
36.5,-32.1579099503536,-151.166475628899,-31.342808629938,-33.8667815546365,-3.6067641267568
36.6,-33.0326641188346,-149.754466304637,-31.3304024078877,-33.5395090413536,-3.5943579047065
36.7,-33.336109945958,-140.912934513206,-31.3721600536139,-33.8696649423232,-3.6361155504327
36.8,-33.3274483594398,-129.721992618454,-31.3520222189596,-34.6060944768004,-3.6159777157784
36.9,-33.199974770564,-127.521947767594,-31.39781453796,-34.1456435718344,-3.6617700347788
37,-32.8798700177824,-120.532919053599,-31.4974220548779,-34.2778405683994,-3.7613775516967
37.1,-33.0391982313198,-114.207179595327,-31.4435555601811,-34.5876241080527,-3.7075110569999
37.2,-32.5401393205594,-108.769040162114,-31.4370939228727,-34.4050017522587,-3.7010494196915
37.3,-31.5830693742779,-102.858566806321,-31.5484536283588,-34.7850540617429,-3.8124091251776
37.4,-31.0313946366388,-99.386986185273,-31.4175694221306,-34.4520644245954,-3.6815249189494
37.5,-30.6765395470124,-98.1143238619086,-31.4606213882916,-34.4493171981563,-3.7245768851104
37.6,-30.137650266619,-93.0393100033922,-31.4746401660977,-34.6440966085536,-3.7385956629165
37.7,-29.4945062661991,-90.5263571269975,-31.557935850654,-34.7241254115498,-3.8218913474728
37.8,-28.6405297027748,-88.8539210815857,-31.5226887949658,-35.5868975980335,-3.7866442917846
37.9,-28.1093924442674,-88.047688396613,-31.5554022707377,-35.5415304048841,-3.8193577675565
38,-27.8145211556661,-86.8152857097948,-31.6542736928798,-35.4175926745029,-3.9182291896986
38.1,-27.2958153333013,-85.3541683904279,-31.6158822917279,-35.905730040319,-3.8798377885467
38.2,-26.7407668275511,-83.880556634897,-31.5658538587738,-35.9301263410985,-3.8298093555926
38.3,-26.2145078001649,-84.0107501187462,-31.7946906964523,-36.763755586847,-4.0586461932711
38.4,-25.904750683779,-84.2208093926646,-31.7888203791849,-36.4403940463705,-4.0527758760037
38.5,-25.5082050939542,-83.4622859796211,-31.9021723711115,-35.9060740946276,-4.1661278679303
38.6,-25.1337809724112,-82.7720482130315,-31.8461412413642,-37.2100705564953,-4.110096738183
38.7,-24.7424389085776,-82.5518239521632,-31.8749588450841,-36.3354021412995,-4.1389143419029
38.8,-24.2342948247926,-82.427122869632,-31.9666733608036,-37.1948724069257,-4.2306288576224
38.9,-24.0145654745474,-83.0674422664553,-31.8758860496747,-36.9576560970196,-4.1398415464935
39,-23.8286956894353,-83.9567165317413,-32.1291199961471,-37.320498256571,-4.3930754929659
39.1,-23.5144815795141,-82.8724613782769,-32.1569122052738,-37.3435362226262,-4.4208677020926
39.2,-23.1995318646719,-82.7743341448075,-32.1781684896943,-37.4595838005858,-4.4421239865131
39.3,-22.8151891492484,-84.5883340851018,-32.1634343709288,-36.8250100706368,-4.4273898677476
39.4,-22.7116260365238,-85.286347660364,-32.3968124209608,-36.9513168201296,-4.6607679177796
39.5,-22.6472017747249,-85.1139920319541,-32.272771514659,-36.7501507568748,-4.5367270114778
39.6,-22.3709381878192,-84.9973603437338,-32.2863848739292,-36.564578332568,-4.550340370748
39.7,-22.0766159398357,-85.169564966221,-32.2774204247691,-37.0099990330703,-4.5413759215879
39.8,-21.9543701474418,-86.3872910814453,-32.4383402339821,-36.7829854798537,-4.7022957308009
39.9,-21.8560208144203,-87.7350805753677,-32.3024834212583,-37.6199648582963,-4.5664389180771
40,-21.8314062891186,-87.2477432561237,-32.4855744117917,-36.9404829635282,-4.7495299086105
40.1,-21.6967938922643,-87.2016483969679,-32.5885423718058,-37.0188971032035,-4.8524978686246
40.2,-21.3204101382889,-88.3638418081242,-32.5908684607477,-36.1253470062338,-4.8548239575665
40.3,-21.2451803548719,-90.0119862323413,-32.5849286093278,-35.4858143554637,-4.8488841061466
40.4,-21.3418862051995,-90.9655109071604,-32.6344979898011,-35.739709893601,-4.8984534866199
40.5,-21.2765113905617,-90.5232225636157,-32.6600411383295,-36.1043240511377,-4.9239966351483
40.6,-21.0008920308081,-90.4521901236232,-32.7293675667801,-36.6064386886445,-4.9933230635989
40.7,-20.8230156394974,-91.8751639245065,-32.5972755345904,-36.1940969033713,-4.8612310314092
40.8,-20.7740696443273,-93.6423704701465,-32.8153325602426,-35.5993278968934,-5.0792880570614
40.9,-20.915703404072,-93.936372981574,-32.6812138374805,-36.0887592419129,-4.9451693342993
41,-20.8356855850139,-93.3407115667921,-32.6278626621464,-34.604070056562,-4.8918181589652
41.1,-20.4804268663997,-93.7092467647457,-32.5934603191655,-35.2764169168128,-4.8574158159843
41.2,-20.3122898262527,-95.6204080852505,-32.7526832732482,-34.4311180311543,-5.016638770067
41.3,-20.4901830075186,-97.0342678958269,-32.7441631948148,-35.6265489281587,-5.0081186916336
41.4,-20.4901629298839,-96.2173170180361,-32.5636992010141,-35.3391925026201,-4.8276546978329
41.5,-20.2584899823576,-95.1383989934868,-32.7807201337625,-35.5327037940562,-5.0446756305813
41.6,-20.0629157572941,-97.0576994549634,-32.7615202972786,-35.0377342122075,-5.0254757940974
41.7,-20.0649945726125,-98.5034130918562,-32.7146430438093,-34.4406916311553,-4.9785985406281
41.8,-20.2517171469814,-98.5436647677954,-32.6032807805145,-34.1233811281296,-4.8672362773333
41.9,-20.1090438647179,-97.9242482143446,-32.7532250063516,-35.0067271746798,-5.0171805031704
42,-19.914414841956,-97.7095987140558,-32.7173338805008,-35.1850304029235,-4.9812893773196
42.1,-19.8898566283244,-99.3518052591539,-32.6717606238944,-35.7487078426677,-4.9357161207132
42.2,-19.9486114608895,-100.080701077073,-32.6039711794904,-35.6832259517766,-4.8679266763092
42.3,-19.9967032790521,-99.207110904429,-32.79633058355,-35.2965247299537,-5.0602860803688
42.4,-19.8747526893021,-99.1440241755255,-32.714200914503,-36.4974070299784,-4.9781564113218
42.5,-19.8191995494209,-99.9336368629959,-32.7409704005657,-36.1233074947756,-5.0049258973845
42.6,-19.8730327813352,-100.270728743815,-32.8602503564932,-36.182210951776,-5.124205853312
42.7,-19.9432738200876,-99.947250413857,-33.0242844367399,-36.5040763849727,-5.2882399335587
42.8,-19.895024331459,-100.429589562908,-32.9783980449203,-36.1550660056791,-5.2423535417391
42.9,-19.9219777064933,-100.646218303642,-32.9893788488257,-35.222081069819,-5.2533343456445
43,-20.0526134445766,-100.6557026132,-32.9666122568858,-34.7908517380887,-5.2305677537046
43.1,-19.9225073287499,-100.026230385786,-33.0482378277876,-34.5986633379822,-5.3121933246064
43.2,-19.9062102891687,-100.669416690033,-32.9254227015647,-36.0030907694453,-5.1893781983835
43.3,-20.1213997924336,-101.601493488305,-32.8916644357203,-33.9950608798717,-5.1556199325391
43.4,-20.3002475554402,-101.387796353756,-33.0040304088168,-35.2485504032011,-5.2679859056356
43.5,-20.2190378614592,-100.129589424471,-32.9455456093205,-35.7093353208279,-5.2095011061393
43.6,-20.045417524457,-101.003966261455,-32.9870415968918,-36.097569999552,-5.2509970937106
43.7,-20.1947487518139,-102.840089272682,-32.9303332014871,-35.0145624515589,-5.1942886983059
43.8,-20.6623410029076,-102.732347583487,-32.9842964537615,-35.1026344150001,-5.2482519505803
43.9,-20.7433661069081,-100.343321130736,-32.8254910516375,-36.5703388686701,-5.0894465484563
44,-20.3562428465327,-100.067688922157,-32.847459129301,-36.3911766250716,-5.1114146261198
44.1,-20.3853261823524,-103.406478692988,-33.0011896703442,-36.1724004668333,-5.265145167163
44.2,-20.8859765270081,-104.360547221143,-33.2626908033672,-37.0096552011832,-5.526646300186
44.3,-21.1798797483392,-100.760001364699,-33.1847782301371,-37.0972530006227,-5.4487337269559
44.4,-20.7341036101084,-99.7153505218393,-33.1034370203453,-35.5361304030144,-5.3673925171641
44.5,-20.4941608668132,-102.184566992536,-33.0757641675314,-35.7501294964163,-5.3397196643502
44.6,-20.9560646761009,-103.881022562553,-32.9956091929126,-36.0343223468019,-5.2595646897314
44.7,-21.3631765041593,-101.616538415973,-32.977569184056,-36.8753147469025,-5.2415246808748
44.8,-21.1109337332663,-98.2381949433017,-33.1051349875995,-36.482630621842,-5.3690904844183
44.9,-20.7469637644186,-100.003779055503,-33.2996934106942,-36.1471239336803,-5.563648907513
45,-20.8822341487266,-102.858340808629,-33.274530574011,-37.5527580302534,-5.5384860708298
45.1,-21.4189153470307,-101.160587323274,-33.2463848793946,-37.1501176277001,-5.5103403762134
45.2,-21.2688620594564,-97.9793961796052,-33.3597300913794,-35.9635735669063,-5.6236855881982
45.3,-20.8405827247263,-97.9082289319873,-33.201683168061,-38.0426684688531,-5.4656386648798
45.4,-20.9320635934924,-100.463462138411,-33.2708266745186,-38.2570216286898,-5.5347821713374
45.5,-21.2339038433847,-99.7225931113709,-33.209978739858,-38.0243336190349,-5.4739342366768
45.6,-21.3118775739203,-96.6499805815281,-33.6647886176943,-36.410834653558,-5.9287441145131
45.7,-20.9666033695903,-96.3748374227318,-33.6301094755057,-37.3623491373415,-5.8940649723245
45.8,-21.0035353303103,-97.5600868878588,-33.2469458849462,-35.9318190981009,-5.510901381765
45.9,-21.2826891345927,-96.6544660939104,-33.388224436646,-35.8474211085187,-5.6521799334648
46,-21.2327351609234,-94.5084802785573,-33.4396751538806,-35.6853008253019,-5.7036306506994
46.1,-20.9970125133619,-94.0274403158107,-33.5397237428324,-36.8315140020257,-5.8036792396512
46.2,-21.0812518793052,-95.1045465679992,-33.3431037488417,-36.7012384660571,-5.6070592456605
46.3,-21.3180387846265,-93.2630955130975,-33.5247119012079,-36.1223876475464,-5.7886673980267
46.4,-21.1924501240399,-90.4923121813927,-33.6183790241261,-37.6630878899989,-5.8823345209449
46.5,-20.8633268072324,-90.9913203328357,-33.602918086048,-37.0967106954247,-5.8668735828668
46.6,-21.0811086543257,-92.2856369892357,-33.5440470962247,-36.2529191431609,-5.8080025930435
46.7,-21.4403491392468,-90.1633152744538,-33.8113895608865,-36.0213277777817,-6.0753450577053
46.8,-21.2310175960784,-86.3945103433844,-33.7051379629206,-38.1795370077355,-5.9690934597394
46.9,-20.7976029097553,-86.7377596242458,-33.678719860631,-37.2984364474496,-5.9426753574498
47,-20.9705943510339,-89.4809374525634,-33.5889045610142,-36.7407644346598,-5.852860057833
47.1,-21.4344424136082,-87.6745488829906,-33.8600933960345,-36.310538987125,-6.1240488928533
47.2,-21.3886841416597,-83.1957798676241,-33.8226640627368,-37.3378155096701,-6.0866195595556
47.3,-20.7107233218499,-82.9439685657501,-33.7269593006255,-35.8849738867341,-5.9909147974443
47.4,-20.659367489194,-86.0321046821507,-33.8990895316708,-35.2449724982314,-6.1630450284896
47.5,-21.25239212004,-86.0086230867965,-33.9147440084717,-35.7002898401856,-6.1786995052905
47.6,-21.2713687408327,-80.9494341289319,-33.655565653803,-36.0140818162406,-5.9195211506218
47.7,-20.674361871311,-79.2777187521274,-33.7199477702356,-34.1771180739221,-5.9839032670544
47.8,-20.4109197257395,-82.5230014484718,-33.656503889771,-35.1173872329709,-5.9204593865898
47.9,-20.7777543913445,-83.8924210718566,-33.6499444237955,-35.4553127566458,-5.9138999206143
48,-21.0742907511267,-80.6656121563909,-33.6776570936002,-37.1493977019444,-5.941612590419
48.1,-20.6310978218596,-77.7855371897388,-33.5368958019565,-35.132577295335,-5.8008512987753
48.2,-20.0671642300961,-79.7413607725553,-33.7935774274569,-36.6230875082033,-6.0575329242757
48.3,-20.2803456959047,-82.4664275553423,-33.5270304051217,-37.6378620378583,-5.7909859019405
48.4,-20.6701503125264,-80.4300958279211,-33.6830824101699,-36.6842199052621,-5.9470379069887
48.5,-20.2876686177922,-77.261817758891,-33.6259118152899,-37.6424048926676,-5.8898673121087
48.6,-19.7426885846616,-78.2934825281583,-33.6737170155135,-37.9228179445459,-5.9376725123323
48.7,-19.8286798825009,-80.4822544370919,-33.6291873259451,-39.5112051664551,-5.8931428227639
48.8,-20.0869665718257,-79.1163552927789,-33.7320616255401,-37.9673879453978,-5.9960171223589
48.9,-19.9208165438177,-76.8744939425109,-33.82838898752,-38.1922370573281,-6.0923444843388
49,-19.5132131385781,-77.8873329454435,-33.9055134685464,-39.1330842458632,-6.1694689653652
49.1,-19.4340663832185,-79.0817470386755,-33.833370107457,-39.755356194307,-6.0973256042758
49.2,-19.5182146580772,-78.2508559902039,-33.9847550254964,-38.0711659366688,-6.2487105223152
49.3,-19.3267779120572,-76.5614131025745,-34.0477174028144,-39.4846532605285,-6.3116728996332
49.4,-18.9844179169682,-76.381959303323,-34.0068121878837,-40.0770429200557,-6.2707676847025
49.5,-18.9717585246277,-78.071476131953,-34.1027123583539,-39.9592602626866,-6.3666678551727
49.6,-19.0783627815337,-77.1515819108976,-34.1455941090839,-39.0945290897692,-6.4095496059027
49.7,-18.896946782254,-74.8676961025929,-34.2012800011558,-39.9113958954401,-6.4652354979746
49.8,-18.480056198427,-76.1264220804633,-34.2957858923874,-40.7269071707227,-6.5597413892062
49.9,-18.5193478655504,-77.6486858970039,-34.2833046118252,-39.8853769314115,-6.547260108644
50,-18.7809156816897,-76.4107633067401,-34.3816722355592,-38.5386316414622,-6.645627732378
50.1,-18.5325694926132,-74.5349294928366,-34.4661777923144,-39.3709023542826,-6.7301332891332
50.2,-18.0759191511918,-74.9335986468993,-34.4812545887547,-38.6813430599225,-6.7452100855735
50.3,-18.0800730213885,-77.2041088384669,-34.6150772098164,-38.6671906386685,-6.8790327066352
50.4,-18.3373653727148,-77.1786065023486,-34.4838020630712,-38.808432941411,-6.74775755989
50.5,-18.2380215851301,-73.8414195115691,-34.7513114676398,-39.3205055923247,-7.0152669644586
50.6,-17.773819884476,-73.6995741164775,-34.5957031047149,-40.4174480943805,-6.8596586015337
50.7,-17.623793957748,-76.2502148220644,-34.6769582829026,-38.5855431049139,-6.9409137797214
50.8,-18.0315442685457,-77.1943651675203,-34.7832191194213,-39.9086802371125,-7.0471746162401
50.9,-18.094642146113,-74.4997066508325,-34.7608785761437,-39.9409211711099,-7.0248340729625
51,-17.684224060394,-73.3613774389719,-34.9646588933937,-39.6710847457422,-7.2286143902125
51.1,-17.3639457766109,-75.9203009760942,-35.0586532096872,-39.0055347796023,-7.322608706506
51.2,-17.6483424790789,-77.4272787950274,-35.0190914248822,-39.6665886179989,-7.283046921701
51.3,-17.9168085524654,-75.6139955825864,-35.118174045357,-37.9796302281331,-7.3821295421758
51.4,-17.5600580910352,-73.8165444586919,-35.0347195291808,-37.7411897678495,-7.2986750259996
51.5,-17.2000199192174,-75.292515434337,-35.0679181806224,-36.6965106421187,-7.3318736774412
51.6,-17.3307879851822,-77.6931210355986,-35.0577354638936,-37.55467295624,-7.3216909607124
51.7,-17.5471467757961,-76.9279915923853,-35.0717729901895,-36.2101175679669,-7.3357284870083
51.8,-17.4142405184187,-75.0100772458253,-35.0726959685679,-37.2095681542744,-7.3366514653867
51.9,-17.006062376101,-75.8354997520248,-34.9641790103447,-37.0447544507383,-7.2281345071635
52,-16.9735149336058,-77.9910363298627,-35.0732635958547,-36.0223948470497,-7.3372190926735
52.1,-17.2290738264601,-78.5334910274098,-35.0257890537757,-35.7898089245633,-7.2897445505945
52.2,-17.0892822767569,-76.7291727932981,-34.9552544870404,-36.2544559950687,-7.2192099838592
52.3,-16.7913344849578,-76.9190157027706,-35.0540428541121,-35.5206525370436,-7.3179983509309
52.4,-16.7076300799058,-79.1249961639981,-34.8809850605171,-35.8211819394709,-7.1449405573359
52.5,-16.8945356699327,-79.4325215252526,-34.7183942630728,-35.1028276082464,-6.9823497598916
52.6,-16.8119921856618,-77.7920778203285,-34.8345288530508,-36.6287343885623,-7.0984843498696
52.7,-16.5740593121695,-78.2923155443574,-34.6201945621805,-36.3249706256649,-6.8841500589993
52.8,-16.507218236404,-80.2157674050522,-34.9174140352489,-34.8915341338403,-7.1813695320677
52.9,-16.6831073434539,-80.2281592885997,-34.6480500317334,-37.5394139628331,-6.9120055285522
53,-16.7296526122618,-79.4360654151593,-34.7445375896213,-37.7525292497516,-7.0084930864401
53.1,-16.3897505796989,-79.1951298259122,-34.8740568359395,-37.004049304058,-7.1380123327583
53.2,-16.2703160833337,-80.8294180801056,-34.7554341102625,-35.6939237117332,-7.0193896070813
53.3,-16.5907618024155,-81.6125470345631,-34.7399359062033,-37.0984121493086,-7.0038914030221
53.4,-16.5550524773848,-79.7455211771951,-34.5575779911828,-35.90109029392,-6.8215334880016
53.5,-16.2080407995177,-79.118044890776,-34.731921234889,-35.7148127854983,-6.9958767317078
53.6,-16.1352817140894,-81.7033437659796,-34.4856177077044,-35.8679723334784,-6.7495732045232
53.7,-16.3883150844933,-82.2589246141866,-34.4428386802967,-38.1753277296702,-6.7067941771155
53.8,-16.5053426998037,-80.096326916921,-34.5467510401125,-37.7905433835778,-6.8107065369313
53.9,-16.1539586689344,-79.934716350764,-34.6697656892909,-38.1697943343067,-6.9337211861097
54,-16.0073138720935,-81.455829956261,-34.5475282564692,-38.4303182851283,-6.811483753288
54.1,-16.1944354293792,-82.6996436857791,-34.6069293241448,-39.564430032767,-6.8708848209636
54.2,-16.3885632528554,-81.5663246676507,-34.5818543773828,-39.0352950522633,-6.8458098742016
54.3,-16.1518829917554,-79.8275488330562,-34.8458326316137,-38.3783741599861,-7.1097881284325
54.4,-15.8872518967613,-81.3321000615326,-34.7259111366401,-39.4173106237077,-6.9898666334589
54.5,-16.0141400975942,-83.5772554475225,-34.6949924115868,-38.7668726013017,-6.9589479084056
54.6,-16.3721775534622,-82.3306795598535,-34.6589132197441,-38.70071840714,-6.9228687165629
54.7,-16.1513440242764,-80.6171545227613,-34.6705580807876,-39.5486835850145,-6.9345135776064
54.8,-15.8695716105018,-82.1460130563836,-34.6517878086711,-41.2678650787848,-6.9157433054899
54.9,-15.9605212522208,-83.8716220083176,-34.7672456023725,-40.4401133268688,-7.0312010991913
55,-16.2606116012949,-83.6366327821923,-34.7537185227998,-40.8373634342802,-7.0176740196186
55.1,-16.184453198744,-82.0930655552132,-34.9809018432406,-42.7031321690568,-7.2448573400594
55.2,-15.9065389999217,-82.2303944400988,-34.8083003207427,-44.3657970416275,-7.0722558175615
55.3,-15.889240427896,-84.4666962079907,-34.9684059677943,-43.1358276355779,-7.2323614646131
55.4,-16.222449669267,-85.0035503114651,-35.1407862259627,-45.0626496499053,-7.4047417227815
55.5,-16.2333116084241,-82.4085306027067,-35.2635646663782,-44.2510137163827,-7.527520163197
55.6,-15.8953460030449,-82.935669864917,-35.6132019307445,-45.2621788794084,-7.8771574275633
55.7,-15.8858195354921,-85.1858770975534,-35.5783795643284,-43.6603710099376,-7.8423350611472
55.8,-16.2349524007611,-85.0120158314625,-35.9347451363029,-42.8580930981494,-8.1987006331217
55.9,-16.1991733678134,-83.1730140485067,-35.9538866468711,-42.4900200921672,-8.2178421436899
56,-15.8723647918317,-83.667924647589,-35.9084403791756,-41.9064988080638,-8.1723958759944
56.1,-15.9245403557688,-85.0704689631907,-35.9891829308351,-40.3498422650611,-8.2531384276539
56.2,-16.0784742443011,-85.1352673821579,-35.9312694609875,-42.0332781008577,-8.1952249578063
56.3,-16.0508104361123,-83.7673938447368,-35.8711828439483,-40.2204774754325,-8.1351383407671
56.4,-15.8819155061709,-83.733190249721,-36.100851718159,-41.152244217145,-8.3648072149778
56.5,-15.8276111132532,-85.1876068358373,-35.8012045935702,-40.120926262955,-8.065160090389
56.6,-16.0050622655218,-85.5054804316536,-36.2151780286988,-39.3440646954543,-8.4791335255176
56.7,-16.033771372495,-84.081158188807,-35.7764961745467,-39.4874448305843,-8.0404516713655
56.8,-15.8236057633173,-83.7740917140136,-36.144257659052,-39.1517689178475,-8.4082131558708
56.9,-15.7771745495894,-85.6283803524872,-35.989257464722,-39.6362221674113,-8.2532129615408
57,-16.0450052201929,-85.3205622992098,-35.8722988774394,-39.7719284073784,-8.1362543742582
57.1,-15.9590556670014,-83.5289809028463,-35.9964169096553,-39.0206925419961,-8.2603724064741
57.2,-15.7450668909449,-83.9744120702198,-35.9429996122269,-39.5626853349904,-8.2069551090457
57.3,-15.7993592854239,-85.077255451621,-35.8126717517506,-38.8989623869704,-8.0766272485694
57.4,-16.0160082835906,-85.3406836923589,-35.9241437315074,-38.3856446800633,-8.1880992283262
57.5,-15.9972411275438,-83.480279923242,-35.8752312902837,-40.3678829425801,-8.1391867871025
57.6,-15.7001123032661,-83.1492071299449,-35.9104345854009,-37.526925021927,-8.1743900822197
57.7,-15.7182558863154,-85.5095207201311,-35.8694969913827,-39.7935853390314,-8.1334524882015
57.8,-16.0475666026734,-84.956954286176,-35.6054406381225,-39.3373465620562,-7.8693961349413
57.9,-15.9409186473478,-83.1556893581424,-36.1443310050124,-39.9875996189323,-8.4082865018312
58,-15.7107840350286,-83.6074084997597,-35.9993122055907,-39.0396702280654,-8.2632677024095
58.1,-15.6485355839896,-84.4082840233078,-36.0549483951259,-39.0287708787007,-8.3189038919447
58.2,-15.8610408343904,-85.2401901581975,-35.8755613124088,-38.5971308671595,-8.1395168092276
58.3,-16.0498824713929,-84.0270813891758,-35.9515416247408,-38.5388239075859,-8.2154971215596
58.4,-15.65851981502,-82.7268019056392,-35.9670091691944,-36.9028359672311,-8.2309646660132
58.5,-15.5487649569792,-84.5374466095764,-35.9164574125323,-38.3617107703068,-8.1804129093511
58.6,-15.7882003115109,-86.0446876724952,-35.4746559486873,-37.9049628997286,-7.7386114455061
58.7,-15.9540557672393,-84.2709495029317,-35.8339476362621,-39.4620381781494,-8.0979031330809
58.8,-15.6707687652649,-82.9781684720125,-35.6935690490476,-38.9282707060749,-7.9575245458664
58.9,-15.5428093366641,-85.3141742147936,-35.8061864158359,-38.3747095454248,-8.0701419126547
59,-15.8043406063144,-85.2059965573277,-35.5387333808822,-41.3780272555876,-7.802688877701
59.1,-15.8960298857555,-84.7774540438287,-35.6038114806697,-38.4002281536147,-7.8677669774885
59.2,-15.657082156009,-84.1754192690968,-35.5641495522532,-40.3911744697142,-7.828105049072
59.3,-15.6228947575646,-84.9112196009603,-35.621346374903,-41.3597769824689,-7.8853018717218
59.4,-15.74816523635,-85.2844187746841,-35.5313648858441,-41.999130262322,-7.7953203826629
59.5,-15.6759045476997,-84.8197835538178,-35.7083086327286,-43.002212437054,-7.9722641295474
59.6,-15.6222341562573,-84.1775110791768,-35.5827127385787,-42.8349575193879,-7.8466682353975
59.7,-15.5681334714558,-85.436671726655,-35.7154530122382,-42.6364436952614,-7.979408509057
59.8,-15.725647332323,-84.9209391251763,-35.8206746960333,-44.7442689946577,-8.0846301928521
59.9,-15.7134993390902,-84.2941403625554,-35.7328986465096,-44.6274614133158,-7.9968541433284
60,-15.47415077177,-84.4558219305013,-36.0101054739444,-46.592007878128,-8.2740609707632
60.1,-15.4285845948135,-85.6551231995986,-35.8940703112983,-46.0770564176278,-8.1580258081171
60.2,-15.7564406391108,-85.4643588776614,-36.0209220202388,-46.3896758095712,-8.2848775170576
60.3,-15.7561299945228,-83.7202816880624,-36.0980717319041,-47.4945790582283,-8.3620272287229
60.4,-15.342586912477,-83.174093403812,-36.3239531147022,-47.0243444630287,-8.587908611521
60.5,-15.3049712426531,-85.4560261572043,-36.5461108085923,-46.7444720308117,-8.8100663054111
60.6,-15.6731609436648,-86.3081283768948,-36.6288140467529,-47.907161929405,-8.8927695435717
60.7,-15.8388545478329,-83.0228070865856,-36.6252728490441,-46.9682798495113,-8.8892283458629
60.8,-15.4266537832901,-82.2227083564373,-37.1722479389921,-47.1150644071584,-9.4362034358109
60.9,-15.1686418707573,-85.0452252595089,-36.9033835230284,-45.4585698664942,-9.1673390198472
61,-15.4860275125551,-86.8110201689878,-37.2951187856895,-44.8088906476312,-9.5590742825083
61.1,-15.8134524658167,-84.6418174216474,-37.1869184901659,-45.2569768147485,-9.4508739869847
61.2,-15.3988038734397,-81.7319324006975,-37.6035744303231,-43.7181605133601,-9.8675299271419
61.3,-15.0277587629948,-83.6701131149675,-37.3694143820191,-45.440945617891,-9.6333698788379
61.4,-15.2967190024545,-86.4142712031299,-37.3171654013172,-42.5279434209354,-9.581120898136
61.5,-15.6566470824151,-85.2309161291959,-37.4717836522763,-44.0791245983075,-9.7357391490951
61.6,-15.509565839192,-82.3696851728657,-37.2927046410177,-44.0835951567037,-9.5566601378365
61.7,-15.1446012446831,-83.7857663314816,-37.1316804958229,-43.7440225756348,-9.3956359926417
61.8,-15.1697265385334,-85.7440900637823,-37.0784593382535,-42.0426988222292,-9.3424148350723
61.9,-15.4635932058349,-85.962750745527,-37.6274684893214,-43.7427660169545,-9.8914239861402
62,-15.4538039771519,-84.7165754392658,-37.6129639890009,-42.5121194258045,-9.8769194858197
62.1,-15.1896277690205,-83.9086898970902,-37.414213737396,-41.4307619340041,-9.6781692342148
62.2,-15.1358165927266,-85.4735459063944,-37.5624083852365,-41.2145862250127,-9.8263638820553
62.3,-15.2949772648828,-86.1765527762803,-37.9032733215494,-43.1420445911848,-10.1672288183682
62.4,-15.3227636313979,-84.6405573836379,-37.3718201631573,-41.2675353767929,-9.6357756599761
62.5,-15.1515824106286,-84.7516109567107,-37.6044835458737,-41.2199773442986,-9.8684390426925
62.6,-15.2019078111093,-86.3750113618361,-37.5733233383113,-41.160435830486,-9.8372788351301
62.7,-15.3233644013157,-85.3868589623531,-37.5933696925648,-41.3345530426004,-9.8573251893836
62.8,-15.1475469561081,-84.4054479011598,-37.2050581598137,-39.4841761716764,-9.4690136566325
62.9,-14.9417006842014,-86.0949900877597,-37.4596935862631,-38.8280999509264,-9.7236490830819
63,-15.1536621082275,-86.8898510091826,-37.6017198024632,-40.9089114845855,-9.865675299282
63.1,-15.4175436792154,-85.4164060710405,-37.1379931885417,-42.0136641542369,-9.4019486853605
63.2,-15.0819142326449,-84.0600930592867,-37.0523473811405,-38.2488485688118,-9.3163028779593
63.3,-14.8029905270258,-85.0085442030401,-37.5037067011349,-41.3736653193636,-9.7676621979537
63.4,-14.930622240883,-87.8992916677727,-37.0299889400236,-41.6040218633116,-9.2939444368424
63.5,-15.3574206955564,-87.0894089066564,-37.2187186516528,-41.5035928393898,-9.4826741484716
63.6,-15.2874889724862,-83.5688462607401,-37.034960752532,-40.6366860528535,-9.2989162493508
63.7,-14.7423019269935,-83.5780795081244,-37.4287888303242,-40.019273045581,-9.692744327143
63.8,-14.6404594982607,-87.694140466338,-37.0568178717186,-43.9390148585767,-9.3207733685374
63.9,-15.3350278139737,-88.7434028835153,-37.2042462677381,-39.910349243752,-9.4682017645569
64,-15.5745509175503,-84.1890540523447,-37.4938638838134,-40.8066012241904,-9.7578193806322
64.1,-14.8707014689774,-82.4614727558151,-37.0965137821345,-42.4309532479785,-9.3604692789533
64.2,-14.5207202604252,-86.6193280641274,-36.8725929032105,-44.1556057113838,-9.1365484000293
64.3,-15.0855321609667,-89.6188562453382,-36.9988875828372,-43.2443538041901,-9.262843079656
64.4,-15.5805188253824,-86.1353431420742,-37.0014685600025,-43.1928033482439,-9.2654240568213
64.5,-15.1605054116767,-82.8598192467761,-37.1138918535693,-46.1722568286946,-9.3778473503881
64.6,-14.5825084758463,-84.796193447098,-37.3089345644764,-46.9461672161752,-9.5728900612952
64.7,-14.8818756426816,-88.9248747097859,-37.2688692365115,-44.4070317576334,-9.5328247333303
64.8,-15.4910470201126,-88.1643890458738,-37.3103237780909,-46.0296002961715,-9.5742792749097
64.9,-15.3590602340802,-83.9739304730649,-37.3558564508432,-46.7582823746868,-9.619811947662
65,-14.8232367166899,-84.6106000732616,-37.3488530843909,-46.6743697717717,-9.6128085812097
65.1,-14.7928891163689,-88.1073279333375,-37.6902496345538,-46.7415151895765,-9.9542051313726
65.2,-15.2586833592885,-88.3206072455067,-37.7594765867262,-47.3702198295803,-10.023432083545
65.3,-15.3173404159558,-85.9940820899979,-37.7805264453101,-46.8659777275821,-10.0444819421289
65.4,-14.9634667654383,-86.1863483375271,-37.6685554845615,-46.8299694171397,-9.9325109813803
65.5,-14.928255569672,-87.3830574671514,-37.5593820365756,-47.3075358457438,-9.8233375333944
65.6,-15.1084308080319,-87.9198742812711,-37.9831584941248,-48.1322718247557,-10.2471139909436
65.7,-15.067166960338,-87.284353853049,-37.8090992032377,-50.2524482848946,-10.0730547000565
65.8,-14.9069470613112,-87.886461005451,-37.9022007244793,-50.2456184789429,-10.1661562212981
65.9,-15.0655090901523,-88.8242131674298,-37.9479220098181,-51.5578351285015,-10.2118775066369
66,-15.1909448394132,-88.5387269272983,-38.126210110374,-51.8460660046621,-10.3901656071928
66.1,-14.9282770057429,-87.1949020937675,-38.6220785662905,-53.2747446698385,-10.8860340631093
66.2,-14.6740252154283,-88.5259447935601,-38.6024281368003,-50.9600549451582,-10.8663836336191
66.3,-14.9360173605917,-91.6456240687694,-39.1895607604061,-49.9972742425191,-11.4535162572249
66.4,-15.2790530133288,-89.632191771601,-39.1957080157067,-50.1666510230982,-11.4596635125255
66.5,-15.125241866404,-86.2050796893273,-39.1997982851412,-52.622290785667,-11.46375378196
66.6,-14.5358210428514,-88.6612192515697,-39.4480447512514,-50.3157964310368,-11.7120002480702
66.7,-14.679965040947,-92.0059057129071,-39.7012544520396,-49.8068380353293,-11.9652099488584
66.8,-15.4359083971302,-92.0949445143968,-39.6414032863582,-48.2792456575569,-11.905358783177
66.9,-15.3076671306146,-87.0596949098854,-39.8678194357129,-48.8240460344819,-12.1317749325317
67,-14.5891505474674,-86.179270002248,-39.8123012907302,-45.9732335220803,-12.076256787549
